,Unnamed: 0,Unnamed: 0.1,City,Typical Home Price (Single Family),Typical Home Price (Top Tier),Typical Home Price (Bottom Tier),Latitude,Longitude,accommodation,accommodation.hotel,accommodation.hut,accommodation.apartment,accommodation.chalet,accommodation.guest_house,accommodation.hostel,accommodation.motel,activity,activity.community_center,activity.sport_club,commercial,commercial.supermarket,commercial.marketplace,commercial.shopping_mall,commercial.department_store,commercial.elektronics,commercial.outdoor_and_sport,commercial.outdoor_and_sport.water_sports,commercial.outdoor_and_sport.ski,commercial.outdoor_and_sport.diving,commercial.outdoor_and_sport.hunting,commercial.outdoor_and_sport.bicycle,commercial.outdoor_and_sport.fishing,commercial.outdoor_and_sport.golf,commercial.vehicle,commercial.hobby,commercial.hobby.model,commercial.hobby.anime,commercial.hobby.collecting,commercial.hobby.games,commercial.hobby.brewing,commercial.hobby.photo,commercial.hobby.music,commercial.hobby.sewing_and_knitting,commercial.hobby.art,commercial.books,commercial.gift_and_souvenir,commercial.stationery,commercial.newsagent,commercial.tickets_and_lottery,commercial.clothing,commercial.clothing.shoes,commercial.clothing.clothes,commercial.clothing.underwear,commercial.clothing.sport,commercial.clothing.men,commercial.clothing.women,commercial.clothing.kids,commercial.clothing.accessories,commercial.bag,commercial.baby_goods,commercial.agrarian,commercial.garden,commercial.houseware_and_hardware,commercial.houseware_and_hardware.doityourself,commercial.houseware_and_hardware.hardware_and_tools,commercial.houseware_and_hardware.building_materials,commercial.houseware_and_hardware.building_materials.paint,commercial.houseware_and_hardware.building_materials.glaziery,commercial.houseware_and_hardware.building_materials.doors,commercial.houseware_and_hardware.building_materials.tiles,commercial.houseware_and_hardware.building_materials.windows,commercial.houseware_and_hardware.building_materials.flooring,commercial.houseware_and_hardware.fireplace,commercial.houseware_and_hardware.swimming_pool,commercial.florist,commercial.furniture_and_interior,commercial.furniture_and_interior.lighting,commercial.furniture_and_interior.curtain,commercial.furniture_and_interior.carpet,commercial.furniture_and_interior.kitchen,commercial.furniture_and_interior.bed,commercial.furniture_and_interior.bathroom,commercial.chemist,commercial.health_and_beauty,commercial.health_and_beauty.pharmacy,commercial.health_and_beauty.optician,commercial.health_and_beauty.medical_supply,commercial.health_and_beauty.hearing_aids,commercial.health_and_beauty.herbalist,commercial.health_and_beauty.cosmetics,commercial.health_and_beauty.wigs,commercial.toy_and_game,commercial.pet,commercial.food_and_drink,commercial.food_and_drink.bakery,commercial.food_and_drink.deli,commercial.food_and_drink.frozen_food,commercial.food_and_drink.pasta,commercial.food_and_drink.spices,commercial.food_and_drink.organic,commercial.food_and_drink.honey,commercial.food_and_drink.rice,commercial.food_and_drink.nuts,commercial.food_and_drink.health_food,commercial.food_and_drink.ice_cream,commercial.food_and_drink.seafood,commercial.food_and_drink.fruit_and_vegetable,commercial.food_and_drink.farm,commercial.food_and_drink.confectionery,commercial.food_and_drink.chocolate,commercial.food_and_drink.butcher,commercial.food_and_drink.cheese_and_dairy,commercial.food_and_drink.drinks,commercial.food_and_drink.coffee_and_tea,commercial.convenience,commercial.discount_store,commercial.smoking,commercial.second_hand,commercial.gas,commercial.weapons,commercial.pyrotechnics,commercial.energy,commercial.wedding,commercial.jewelry,commercial.watches,commercial.art,commercial.antiques,commercial.video_and_music,commercial.erotic,commercial.trade,commercial.kiosk,catering,catering.restaurant,catering.restaurant.pizza,catering.restaurant.burger,catering.restaurant.regional,catering.restaurant.italian,catering.restaurant.chinese,catering.restaurant.sandwich,catering.restaurant.chicken,catering.restaurant.mexican,catering.restaurant.japanese,catering.restaurant.american,catering.restaurant.kebab,catering.restaurant.indian,catering.restaurant.asian,catering.restaurant.sushi,catering.restaurant.french,catering.restaurant.german,catering.restaurant.thai,catering.restaurant.greek,catering.restaurant.seafood,catering.restaurant.fish_and_chips,catering.restaurant.steak_house,catering.restaurant.international,catering.restaurant.tex-mex,catering.restaurant.vietnamese,catering.restaurant.turkish,catering.restaurant.korean,catering.restaurant.noodle,catering.restaurant.barbecue,catering.restaurant.spanish,catering.restaurant.fish,catering.restaurant.ramen,catering.restaurant.mediterranean,catering.restaurant.friture,catering.restaurant.beef_bowl,catering.restaurant.lebanese,catering.restaurant.wings,catering.restaurant.georgian,catering.restaurant.tapas,catering.restaurant.indonesian,catering.restaurant.arab,catering.restaurant.portuguese,catering.restaurant.russian,catering.restaurant.filipino,catering.restaurant.african,catering.restaurant.malaysian,catering.restaurant.caribbean,catering.restaurant.peruvian,catering.restaurant.bavarian,catering.restaurant.brazilian,catering.restaurant.curry,catering.restaurant.dumpling,catering.restaurant.persian,catering.restaurant.argentinian,catering.restaurant.oriental,catering.restaurant.balkan,catering.restaurant.moroccan,catering.restaurant.pita,catering.restaurant.ethiopian,catering.restaurant.taiwanese,catering.restaurant.latin_american,catering.restaurant.hawaiian,catering.restaurant.irish,catering.restaurant.austrian,catering.restaurant.croatian,catering.restaurant.danish,catering.restaurant.tacos,catering.restaurant.bolivian,catering.restaurant.hungarian,catering.restaurant.western,catering.restaurant.european,catering.restaurant.jamaican,catering.restaurant.cuban,catering.restaurant.soup,catering.restaurant.uzbek,catering.restaurant.nepalese,catering.restaurant.czech,catering.restaurant.syrian,catering.restaurant.afghan,catering.restaurant.malay,catering.restaurant.chili,catering.restaurant.belgian,catering.restaurant.ukrainian,catering.restaurant.swedish,catering.restaurant.pakistani,catering.fast_food,catering.fast_food.pizza,catering.fast_food.burger,catering.fast_food.sandwich,catering.fast_food.kebab,catering.fast_food.fish_and_chips,catering.fast_food.noodle,catering.fast_food.ramen,catering.fast_food.wings,catering.fast_food.tapas,catering.fast_food.pita,catering.fast_food.tacos,catering.fast_food.soup,catering.fast_food.salad,catering.fast_food.hot_dog,catering.cafe,catering.cafe.waffle,catering.cafe.ice_cream,catering.cafe.coffee_shop,catering.cafe.donut,catering.cafe.crepe,catering.cafe.bubble_tea,catering.cafe.cake,catering.cafe.frozen_yogurt,catering.cafe.dessert,catering.cafe.coffee,catering.cafe.tea,catering.food_court,catering.bar,catering.pub,catering.ice_cream,catering.biergarten,catering.taproom,education,education.school,education.driving_school,education.music_school,education.language_school,education.library,education.college,education.university,childcare,childcare.kindergarten,entertainment,entertainment.culture,entertainment.culture.theatre,entertainment.culture.arts_centre,entertainment.culture.gallery,entertainment.zoo,entertainment.aquarium,entertainment.planetarium,entertainment.museum,entertainment.cinema,entertainment.amusement_arcade,entertainment.escape_game,entertainment.miniature_golf,entertainment.bowling_alley,entertainment.flying_fox,entertainment.theme_park,entertainment.water_park,entertainment.activity_park,entertainment.activity_park.trampoline,entertainment.activity_park.climbing,healthcare,healthcare.clinic_or_praxis,healthcare.clinic_or_praxis.allergology,healthcare.clinic_or_praxis.vascular_surgery,healthcare.clinic_or_praxis.urology,healthcare.clinic_or_praxis.trauma,healthcare.clinic_or_praxis.rheumatology,healthcare.clinic_or_praxis.radiology,healthcare.clinic_or_praxis.pulmonology,healthcare.clinic_or_praxis.psychiatry,healthcare.clinic_or_praxis.paediatrics,healthcare.clinic_or_praxis.otolaryngology,healthcare.clinic_or_praxis.orthopaedics,healthcare.clinic_or_praxis.ophthalmology,healthcare.clinic_or_praxis.occupational,healthcare.clinic_or_praxis.gynaecology,healthcare.clinic_or_praxis.general,healthcare.clinic_or_praxis.gastroenterology,healthcare.clinic_or_praxis.endocrinology,healthcare.clinic_or_praxis.dermatology,healthcare.clinic_or_praxis.cardiology,healthcare.dentist,healthcare.dentist.orthodontics,healthcare.hospital,healthcare.pharmacy,heritage,heritage.unesco,leisure,leisure.picnic,leisure.picnic.picnic_site,leisure.picnic.picnic_table,leisure.picnic.bbq,leisure.playground,leisure.spa,leisure.spa.public_bath,leisure.spa.sauna,leisure.park,leisure.park.garden,leisure.park.nature_reserve,man_made,man_made.pier,man_made.breakwater,man_made.tower,man_made.water_tower,man_made.bridge,man_made.lighthouse,man_made.windmill,man_made.watermill,natural,natural.forest,natural.water,natural.water.spring,natural.water.reef,natural.water.hot_spring,natural.water.geyser,natural.water.sea,natural.mountain,natural.mountain.peak,natural.mountain.glacier,natural.mountain.cliff,natural.mountain.rock,natural.mountain.cave_entrance,natural.sand,natural.sand.dune,natural.protected_area,national_park,office,office.government,office.government.administrative,office.government.register_office,office.government.tax,office.government.public_service,office.government.ministry,office.government.healthcare,office.government.prosecutor,office.government.transportation,office.government.social_services,office.government.legislative,office.government.education,office.government.customs,office.government.social_security,office.government.environment,office.government.migration,office.government.cadaster,office.government.forestry,office.government.agriculture,office.company,office.estate_agent,office.insurance,office.lawyer,office.telecommunication,office.educational_institution,office.association,office.non_profit,office.diplomatic,office.it,office.accountant,office.employment_agency,office.religion,office.research,office.architect,office.financial,office.tax_advisor,office.advertising_agency,office.notary,office.newspaper,office.political_party,office.logistics,office.energy_supplier,office.travel_agent,office.financial_advisor,office.consulting,office.foundation,office.coworking,office.water_utility,office.forestry,office.charity,office.security,parking,parking.cars,parking.cars.surface,parking.cars.multistorey,parking.cars.underground,parking.cars.rooftop,parking.surface,parking.multistorey,parking.underground,parking.rooftop,parking.motorcycle
0,0,0,Arvada,663225.8,794293.06,486501.75,39.8005505,-105.0811573,10.0,5.0,0.0,0.0,0.0,1.0,0.0,4.0,1.0,1.0,0.0,328.0,22.0,0.0,0.0,4.0,8.0,6.0,0.0,0.0,0.0,0.0,3.0,0.0,0.0,27.0,9.0,0.0,0.0,0.0,3.0,0.0,0.0,1.0,1.0,4.0,3.0,5.0,0.0,0.0,0.0,18.0,1.0,17.0,0.0,0.0,0.0,1.0,0.0,0.0,0.0,1.0,0.0,3.0,4.0,2.0,0.0,2.0,1.0,0.0,0.0,0.0,0.0,1.0,0.0,0.0,2.0,8.0,0.0,1.0,1.0,1.0,0.0,0.0,5.0,23.0,3.0,3.0,0.0,2.0,0.0,2.0,0.0,2.0,8.0,26.0,3.0,0.0,0.0,0.0,0.0,0.0,0.0,0.0,0.0,0.0,0.0,0.0,0.0,3.0,0.0,0.0,0.0,0.0,19.0,1.0,31.0,4.0,10.0,1.0,0.0,0.0,0.0,0.0,1.0,3.0,0.0,2.0,1.0,0.0,1.0,0.0,1.0,251.0,117.0,7.0,1.0,1.0,2.0,2.0,0.0,0.0,6.0,1.0,11.0,0.0,3.0,1.0,0.0,0.0,0.0,1.0,0.0,1.0,0.0,1.0,0.0,0.0,0.0,0.0,0.0,0.0,1.0,0.0,0.0,0.0,0.0,0.0,0.0,0.0,0.0,0.0,0.0,0.0,0.0,0.0,0.0,0.0,0.0,0.0,0.0,0.0,0.0,1.0,0.0,0.0,0.0,0.0,0.0,0.0,0.0,0.0,0.0,0.0,0.0,0.0,0.0,0.0,0.0,0.0,0.0,0.0,0.0,0.0,0.0,0.0,0.0,0.0,0.0,0.0,0.0,0.0,0.0,0.0,0.0,0.0,0.0,0.0,0.0,78.0,7.0,21.0,13.0,0.0,0.0,0.0,0.0,1.0,0.0,0.0,0.0,0.0,0.0,0.0,23.0,0.0,0.0,13.0,0.0,0.0,0.0,0.0,0.0,0.0,13.0,0.0,0.0,12.0,17.0,4.0,0.0,0.0,68.0,62.0,0.0,0.0,0.0,4.0,1.0,1.0,4.0,2.0,21.0,12.0,4.0,2.0,6.0,0.0,0.0,0.0,1.0,2.0,0.0,0.0,0.0,3.0,0.0,1.0,1.0,1.0,1.0,0.0,47.0,17.0,0.0,0.0,0.0,0.0,0.0,0.0,0.0,1.0,0.0,0.0,0.0,0.0,0.0,0.0,1.0,0.0,0.0,0.0,0.0,13.0,0.0,3.0,3.0,1.0,0.0,261.0,25.0,9.0,16.0,0.0,86.0,0.0,0.0,0.0,150.0,46.0,4.0,98.0,23.0,0.0,3.0,1.0,17.0,0.0,0.0,0.0,300.0,45.0,110.0,0.0,0.0,0.0,0.0,0.0,52.0,1.0,0.0,0.0,51.0,0.0,86.0,0.0,7.0,0.0,38.0,7.0,1.0,0.0,0.0,0.0,0.0,0.0,0.0,1.0,0.0,0.0,0.0,0.0,0.0,0.0,0.0,0.0,0.0,0.0,13.0,4.0,5.0,1.0,0.0,0.0,0.0,0.0,0.0,1.0,1.0,0.0,0.0,0.0,0.0,0.0,3.0,0.0,0.0,0.0,0.0,0.0,0.0,0.0,1.0,0.0,0.0,0.0,0.0,0.0,0.0,0.0,500.0,500.0,106.0,2.0,0.0,0.0,106.0,2.0,0.0,0.0,1.0
1,1,1,Aurora,530770.16,620786.29,360939.94,39.7405111,-104.8309947,59.0,31.0,0.0,2.0,0.0,0.0,0.0,26.0,0.0,0.0,0.0,408.0,15.0,3.0,4.0,6.0,12.0,0.0,0.0,0.0,0.0,0.0,0.0,0.0,0.0,38.0,8.0,0.0,0.0,0.0,1.0,0.0,1.0,0.0,0.0,6.0,3.0,1.0,0.0,0.0,0.0,13.0,2.0,11.0,0.0,0.0,1.0,0.0,0.0,0.0,0.0,0.0,0.0,1.0,28.0,21.0,1.0,6.0,2.0,0.0,2.0,0.0,0.0,2.0,0.0,0.0,3.0,12.0,0.0,0.0,0.0,4.0,1.0,0.0,0.0,18.0,10.0,1.0,2.0,0.0,0.0,0.0,0.0,1.0,1.0,20.0,3.0,0.0,0.0,0.0,0.0,0.0,0.0,0.0,0.0,0.0,0.0,0.0,2.0,0.0,0.0,0.0,0.0,0.0,15.0,0.0,62.0,6.0,6.0,0.0,0.0,0.0,0.0,0.0,0.0,2.0,0.0,0.0,0.0,1.0,0.0,1.0,0.0,219.0,99.0,6.0,0.0,0.0,1.0,4.0,2.0,0.0,26.0,2.0,19.0,0.0,2.0,3.0,1.0,1.0,1.0,3.0,0.0,1.0,0.0,0.0,1.0,1.0,3.0,0.0,1.0,0.0,1.0,0.0,0.0,0.0,0.0,0.0,0.0,0.0,0.0,0.0,0.0,0.0,0.0,0.0,0.0,1.0,0.0,0.0,0.0,0.0,0.0,0.0,0.0,0.0,0.0,0.0,0.0,0.0,0.0,0.0,0.0,0.0,0.0,0.0,0.0,0.0,0.0,0.0,0.0,0.0,0.0,0.0,0.0,0.0,0.0,0.0,0.0,0.0,0.0,0.0,0.0,0.0,0.0,0.0,0.0,0.0,0.0,78.0,6.0,25.0,11.0,0.0,0.0,0.0,0.0,1.0,0.0,0.0,0.0,0.0,0.0,0.0,26.0,0.0,1.0,20.0,1.0,0.0,1.0,0.0,0.0,0.0,20.0,1.0,3.0,5.0,4.0,5.0,0.0,0.0,103.0,77.0,0.0,0.0,0.0,6.0,17.0,3.0,6.0,4.0,11.0,5.0,3.0,2.0,0.0,0.0,0.0,0.0,2.0,3.0,1.0,0.0,0.0,0.0,0.0,0.0,0.0,0.0,0.0,0.0,48.0,9.0,0.0,0.0,0.0,0.0,0.0,0.0,0.0,0.0,0.0,0.0,0.0,0.0,0.0,0.0,0.0,0.0,0.0,0.0,0.0,13.0,0.0,12.0,10.0,0.0,0.0,487.0,145.0,57.0,82.0,6.0,199.0,0.0,0.0,0.0,143.0,41.0,3.0,397.0,2.0,0.0,14.0,0.0,49.0,0.0,0.0,0.0,207.0,1.0,107.0,0.0,0.0,0.0,0.0,0.0,0.0,0.0,0.0,0.0,0.0,0.0,96.0,0.0,3.0,0.0,30.0,4.0,0.0,0.0,0.0,1.0,0.0,0.0,0.0,0.0,0.0,0.0,0.0,0.0,0.0,0.0,0.0,0.0,0.0,0.0,13.0,0.0,2.0,1.0,0.0,0.0,0.0,0.0,0.0,0.0,0.0,1.0,0.0,0.0,0.0,0.0,2.0,0.0,0.0,0.0,0.0,0.0,0.0,0.0,0.0,0.0,0.0,0.0,0.0,0.0,0.0,0.0,500.0,500.0,500.0,24.0,0.0,0.0,500.0,24.0,0.0,0.0,4.0
2,2,2,Boulder,1418469.92,1641210.97,546725.46,40.0149856,-105.270545,81.0,17.0,0.0,1.0,0.0,58.0,2.0,3.0,5.0,5.0,0.0,500.0,18.0,2.0,0.0,2.0,16.0,47.0,0.0,1.0,0.0,1.0,19.0,1.0,0.0,25.0,24.0,0.0,0.0,1.0,4.0,1.0,4.0,3.0,2.0,9.0,7.0,24.0,2.0,0.0,0.0,65.0,7.0,57.0,1.0,0.0,5.0,14.0,2.0,0.0,0.0,0.0,0.0,1.0,13.0,1.0,4.0,2.0,2.0,0.0,0.0,0.0,0.0,0.0,1.0,1.0,3.0,21.0,0.0,1.0,1.0,2.0,6.0,0.0,2.0,70.0,10.0,18.0,0.0,2.0,0.0,6.0,0.0,4.0,7.0,33.0,8.0,0.0,0.0,0.0,1.0,0.0,0.0,0.0,0.0,0.0,0.0,0.0,0.0,1.0,4.0,0.0,0.0,1.0,16.0,2.0,26.0,2.0,9.0,3.0,0.0,0.0,0.0,0.0,0.0,16.0,0.0,1.0,2.0,3.0,0.0,0.0,1.0,340.0,166.0,7.0,2.0,3.0,7.0,8.0,5.0,0.0,16.0,6.0,4.0,0.0,7.0,5.0,5.0,1.0,0.0,4.0,0.0,0.0,0.0,0.0,2.0,0.0,5.0,0.0,1.0,0.0,1.0,0.0,1.0,0.0,2.0,0.0,0.0,1.0,0.0,0.0,0.0,0.0,0.0,0.0,0.0,0.0,0.0,0.0,0.0,0.0,0.0,0.0,0.0,0.0,0.0,0.0,0.0,0.0,0.0,0.0,0.0,0.0,0.0,0.0,0.0,0.0,0.0,0.0,2.0,0.0,0.0,0.0,0.0,0.0,0.0,0.0,0.0,2.0,0.0,0.0,0.0,0.0,0.0,0.0,0.0,0.0,0.0,69.0,8.0,12.0,15.0,0.0,0.0,0.0,0.0,0.0,0.0,0.0,0.0,0.0,0.0,1.0,69.0,0.0,0.0,23.0,0.0,0.0,1.0,0.0,0.0,0.0,23.0,1.0,3.0,10.0,12.0,11.0,0.0,0.0,58.0,41.0,1.0,1.0,0.0,6.0,1.0,8.0,7.0,7.0,32.0,17.0,13.0,2.0,2.0,0.0,0.0,2.0,7.0,2.0,0.0,0.0,0.0,0.0,0.0,0.0,2.0,3.0,0.0,2.0,88.0,25.0,0.0,0.0,0.0,0.0,0.0,0.0,0.0,0.0,0.0,0.0,0.0,0.0,0.0,0.0,1.0,0.0,0.0,1.0,0.0,26.0,1.0,2.0,10.0,0.0,0.0,414.0,167.0,20.0,144.0,3.0,93.0,1.0,0.0,1.0,153.0,61.0,1.0,51.0,1.0,0.0,13.0,0.0,3.0,0.0,0.0,0.0,181.0,50.0,84.0,0.0,0.0,0.0,0.0,0.0,20.0,8.0,0.0,4.0,7.0,1.0,21.0,0.0,6.0,0.0,207.0,13.0,0.0,1.0,0.0,0.0,0.0,0.0,0.0,0.0,0.0,0.0,0.0,0.0,0.0,0.0,0.0,0.0,0.0,0.0,90.0,8.0,14.0,6.0,1.0,13.0,6.0,3.0,1.0,4.0,0.0,1.0,0.0,8.0,1.0,2.0,2.0,3.0,0.0,2.0,1.0,0.0,0.0,0.0,4.0,0.0,0.0,1.0,0.0,0.0,0.0,0.0,500.0,500.0,441.0,18.0,8.0,0.0,452.0,18.0,8.0,0.0,18.0
3,3,3,Breckenridge,1397773.68,2142628.16,674120.89,39.4829124,-106.0465486,21.0,19.0,0.0,1.0,1.0,0.0,0.0,0.0,0.0,0.0,0.0,39.0,1.0,0.0,3.0,0.0,0.0,6.0,0.0,0.0,0.0,0.0,1.0,0.0,0.0,0.0,0.0,0.0,0.0,0.0,0.0,0.0,0.0,0.0,0.0,0.0,0.0,1.0,0.0,0.0,0.0,5.0,0.0,5.0,0.0,1.0,0.0,0.0,0.0,0.0,0.0,0.0,0.0,0.0,0.0,0.0,0.0,0.0,0.0,0.0,0.0,0.0,0.0,0.0,0.0,0.0,0.0,0.0,0.0,0.0,0.0,0.0,0.0,0.0,0.0,0.0,0.0,0.0,0.0,0.0,0.0,0.0,0.0,0.0,0.0,4.0,0.0,0.0,0.0,0.0,1.0,0.0,0.0,0.0,0.0,0.0,0.0,0.0,0.0,0.0,2.0,0.0,0.0,0.0,1.0,0.0,3.0,0.0,0.0,0.0,0.0,0.0,0.0,0.0,0.0,1.0,0.0,3.0,0.0,0.0,0.0,0.0,0.0,60.0,40.0,1.0,2.0,5.0,1.0,1.0,0.0,0.0,2.0,1.0,6.0,0.0,0.0,1.0,0.0,0.0,0.0,0.0,0.0,1.0,0.0,1.0,0.0,0.0,0.0,0.0,0.0,0.0,0.0,0.0,0.0,0.0,0.0,0.0,0.0,0.0,0.0,0.0,0.0,0.0,0.0,0.0,0.0,0.0,0.0,0.0,0.0,0.0,0.0,0.0,0.0,0.0,0.0,0.0,0.0,0.0,0.0,0.0,0.0,0.0,0.0,0.0,0.0,0.0,0.0,0.0,0.0,0.0,0.0,0.0,0.0,0.0,0.0,0.0,0.0,0.0,0.0,0.0,0.0,0.0,0.0,0.0,0.0,0.0,0.0,6.0,1.0,1.0,2.0,0.0,0.0,0.0,0.0,0.0,0.0,0.0,0.0,0.0,0.0,0.0,6.0,0.0,0.0,1.0,0.0,0.0,0.0,0.0,0.0,0.0,1.0,0.0,0.0,1.0,6.0,1.0,0.0,0.0,2.0,2.0,0.0,0.0,0.0,0.0,0.0,0.0,0.0,0.0,6.0,0.0,0.0,0.0,0.0,0.0,0.0,0.0,5.0,0.0,0.0,0.0,1.0,0.0,0.0,0.0,0.0,0.0,0.0,0.0,0.0,0.0,0.0,0.0,0.0,0.0,0.0,0.0,0.0,0.0,0.0,0.0,0.0,0.0,0.0,0.0,0.0,0.0,0.0,0.0,0.0,0.0,0.0,0.0,0.0,0.0,0.0,31.0,3.0,1.0,2.0,0.0,17.0,0.0,0.0,0.0,11.0,1.0,1.0,61.0,2.0,0.0,5.0,2.0,0.0,0.0,0.0,0.0,495.0,320.0,138.0,0.0,0.0,0.0,0.0,0.0,8.0,7.0,0.0,1.0,0.0,0.0,28.0,0.0,1.0,0.0,4.0,0.0,0.0,0.0,0.0,0.0,0.0,0.0,0.0,0.0,0.0,0.0,0.0,0.0,0.0,0.0,0.0,0.0,0.0,0.0,2.0,2.0,0.0,0.0,0.0,0.0,0.0,0.0,0.0,0.0,0.0,0.0,0.0,0.0,0.0,0.0,0.0,0.0,0.0,0.0,0.0,0.0,0.0,0.0,0.0,0.0,0.0,0.0,0.0,0.0,0.0,0.0,72.0,72.0,29.0,2.0,0.0,0.0,29.0,2.0,0.0,0.0,1.0
4,4,4,Broomfield,774477.19,899867.6,494302.13,39.9403995,-105.05208,7.0,3.0,0.0,4.0,0.0,0.0,0.0,0.0,3.0,3.0,0.0,159.0,9.0,0.0,0.0,2.0,7.0,2.0,0.0,0.0,0.0,0.0,2.0,0.0,0.0,16.0,4.0,0.0,0.0,0.0,2.0,0.0,1.0,0.0,0.0,1.0,1.0,0.0,1.0,0.0,0.0,2.0,0.0,2.0,0.0,0.0,0.0,0.0,0.0,0.0,0.0,0.0,1.0,1.0,3.0,1.0,0.0,1.0,1.0,0.0,0.0,0.0,0.0,0.0,0.0,0.0,0.0,2.0,0.0,0.0,0.0,0.0,2.0,0.0,0.0,22.0,4.0,2.0,1.0,0.0,0.0,1.0,0.0,1.0,6.0,12.0,0.0,0.0,0.0,0.0,0.0,0.0,0.0,0.0,0.0,0.0,0.0,0.0,0.0,1.0,0.0,0.0,1.0,0.0,9.0,1.0,19.0,1.0,2.0,0.0,0.0,0.0,0.0,0.0,0.0,0.0,0.0,0.0,0.0,0.0,0.0,0.0,0.0,118.0,54.0,4.0,0.0,0.0,0.0,6.0,1.0,0.0,6.0,0.0,2.0,0.0,2.0,2.0,1.0,0.0,0.0,1.0,0.0,1.0,0.0,0.0,0.0,1.0,4.0,0.0,0.0,0.0,2.0,0.0,0.0,0.0,2.0,0.0,0.0,0.0,0.0,0.0,0.0,0.0,0.0,0.0,0.0,0.0,0.0,0.0,0.0,0.0,0.0,0.0,0.0,0.0,0.0,0.0,0.0,0.0,0.0,0.0,0.0,0.0,0.0,0.0,0.0,0.0,0.0,0.0,0.0,0.0,0.0,0.0,0.0,0.0,0.0,0.0,0.0,0.0,0.0,0.0,0.0,0.0,0.0,0.0,0.0,0.0,0.0,43.0,5.0,14.0,6.0,0.0,0.0,0.0,0.0,1.0,0.0,0.0,0.0,0.0,0.0,0.0,10.0,0.0,0.0,6.0,0.0,0.0,0.0,0.0,0.0,0.0,6.0,0.0,1.0,5.0,2.0,3.0,0.0,0.0,38.0,34.0,0.0,1.0,0.0,2.0,1.0,0.0,11.0,5.0,6.0,2.0,2.0,0.0,0.0,0.0,0.0,0.0,2.0,0.0,0.0,0.0,0.0,1.0,0.0,0.0,1.0,0.0,0.0,0.0,24.0,12.0,0.0,0.0,0.0,0.0,0.0,0.0,0.0,0.0,0.0,0.0,0.0,0.0,0.0,0.0,0.0,0.0,0.0,0.0,0.0,5.0,0.0,2.0,4.0,0.0,0.0,307.0,47.0,4.0,43.0,0.0,111.0,0.0,0.0,0.0,149.0,10.0,27.0,92.0,6.0,0.0,10.0,0.0,16.0,0.0,0.0,0.0,500.0,364.0,123.0,0.0,0.0,0.0,0.0,0.0,0.0,0.0,0.0,0.0,0.0,0.0,157.0,0.0,27.0,0.0,43.0,10.0,0.0,0.0,0.0,0.0,0.0,0.0,0.0,0.0,0.0,0.0,0.0,0.0,0.0,0.0,0.0,0.0,0.0,0.0,12.0,1.0,3.0,0.0,0.0,1.0,0.0,0.0,0.0,1.0,0.0,0.0,1.0,0.0,1.0,0.0,1.0,0.0,0.0,0.0,0.0,0.0,0.0,0.0,2.0,0.0,0.0,0.0,0.0,0.0,0.0,0.0,500.0,500.0,489.0,2.0,0.0,0.0,489.0,2.0,0.0,0.0,3.0
5,5,5,Castle Rock,670136.92,933674.81,534250.77,39.3722552,-104.8586826,9.0,7.0,0.0,0.0,0.0,0.0,0.0,2.0,2.0,2.0,0.0,138.0,5.0,0.0,0.0,4.0,1.0,2.0,0.0,0.0,0.0,0.0,1.0,0.0,0.0,8.0,5.0,0.0,0.0,0.0,1.0,0.0,0.0,0.0,0.0,4.0,0.0,2.0,1.0,0.0,0.0,26.0,1.0,25.0,0.0,0.0,5.0,7.0,1.0,0.0,1.0,0.0,0.0,1.0,7.0,3.0,1.0,2.0,2.0,0.0,0.0,0.0,0.0,0.0,0.0,0.0,1.0,2.0,0.0,0.0,0.0,0.0,0.0,0.0,1.0,9.0,3.0,1.0,0.0,0.0,0.0,0.0,0.0,1.0,1.0,7.0,0.0,0.0,0.0,0.0,0.0,0.0,0.0,0.0,0.0,0.0,0.0,0.0,0.0,0.0,0.0,0.0,0.0,0.0,6.0,1.0,13.0,0.0,0.0,0.0,0.0,0.0,0.0,0.0,0.0,3.0,0.0,0.0,1.0,1.0,0.0,0.0,0.0,94.0,37.0,2.0,2.0,0.0,2.0,2.0,1.0,0.0,7.0,0.0,8.0,0.0,1.0,1.0,1.0,0.0,0.0,0.0,0.0,0.0,0.0,1.0,1.0,1.0,0.0,0.0,0.0,0.0,0.0,0.0,0.0,0.0,0.0,0.0,0.0,0.0,0.0,0.0,0.0,0.0,0.0,0.0,0.0,0.0,0.0,0.0,0.0,0.0,0.0,0.0,0.0,0.0,0.0,0.0,0.0,0.0,0.0,0.0,0.0,0.0,0.0,0.0,0.0,0.0,0.0,0.0,0.0,0.0,0.0,0.0,0.0,0.0,0.0,0.0,0.0,0.0,0.0,0.0,0.0,0.0,0.0,0.0,0.0,0.0,0.0,34.0,2.0,14.0,9.0,0.0,0.0,0.0,0.0,0.0,0.0,0.0,0.0,0.0,0.0,0.0,14.0,0.0,0.0,8.0,0.0,0.0,0.0,0.0,0.0,0.0,9.0,0.0,0.0,5.0,1.0,3.0,0.0,0.0,24.0,21.0,1.0,0.0,0.0,1.0,1.0,0.0,0.0,0.0,12.0,1.0,1.0,0.0,0.0,0.0,0.0,0.0,1.0,1.0,0.0,0.0,0.0,0.0,9.0,0.0,0.0,0.0,0.0,0.0,8.0,0.0,0.0,0.0,0.0,0.0,0.0,0.0,0.0,0.0,0.0,0.0,0.0,0.0,0.0,0.0,0.0,0.0,0.0,0.0,0.0,2.0,0.0,2.0,3.0,0.0,0.0,118.0,21.0,11.0,10.0,0.0,51.0,0.0,0.0,0.0,46.0,1.0,0.0,17.0,0.0,0.0,3.0,2.0,0.0,0.0,0.0,0.0,148.0,6.0,35.0,0.0,0.0,0.0,0.0,0.0,1.0,0.0,0.0,0.0,1.0,0.0,106.0,0.0,0.0,0.0,13.0,5.0,0.0,0.0,0.0,0.0,0.0,0.0,0.0,0.0,0.0,0.0,0.0,0.0,0.0,0.0,0.0,0.0,0.0,0.0,3.0,2.0,1.0,0.0,0.0,0.0,0.0,0.0,0.0,0.0,0.0,0.0,0.0,0.0,0.0,0.0,0.0,0.0,0.0,0.0,0.0,0.0,0.0,0.0,0.0,0.0,0.0,0.0,0.0,0.0,0.0,0.0,211.0,211.0,105.0,0.0,0.0,0.0,105.0,0.0,0.0,0.0,0.0
6,6,6,Colorado Springs,506916.92,617340.05,348048.61,38.8339578,-104.825348,42.0,18.0,0.0,1.0,1.0,2.0,6.0,14.0,11.0,8.0,3.0,462.0,12.0,0.0,1.0,1.0,11.0,20.0,0.0,1.0,0.0,0.0,12.0,1.0,0.0,36.0,16.0,0.0,0.0,1.0,3.0,0.0,1.0,3.0,0.0,8.0,6.0,14.0,3.0,0.0,1.0,22.0,3.0,19.0,0.0,0.0,0.0,1.0,1.0,0.0,0.0,0.0,2.0,5.0,10.0,4.0,2.0,2.0,2.0,0.0,0.0,0.0,0.0,0.0,0.0,0.0,3.0,8.0,0.0,0.0,0.0,2.0,2.0,0.0,4.0,44.0,22.0,5.0,1.0,0.0,1.0,1.0,0.0,3.0,7.0,38.0,5.0,0.0,0.0,0.0,1.0,0.0,0.0,0.0,0.0,0.0,0.0,0.0,2.0,0.0,3.0,0.0,1.0,0.0,22.0,4.0,39.0,9.0,11.0,2.0,0.0,1.0,0.0,0.0,0.0,11.0,1.0,9.0,3.0,6.0,0.0,4.0,1.0,321.0,153.0,15.0,3.0,0.0,8.0,4.0,1.0,0.0,13.0,3.0,8.0,0.0,3.0,1.0,1.0,2.0,1.0,2.0,0.0,0.0,0.0,2.0,0.0,2.0,4.0,0.0,0.0,0.0,1.0,0.0,0.0,0.0,2.0,0.0,0.0,0.0,0.0,0.0,1.0,0.0,0.0,0.0,0.0,0.0,0.0,0.0,0.0,0.0,0.0,0.0,0.0,0.0,0.0,0.0,0.0,0.0,0.0,0.0,1.0,0.0,0.0,0.0,2.0,0.0,0.0,0.0,0.0,0.0,0.0,0.0,0.0,1.0,0.0,0.0,0.0,0.0,0.0,0.0,0.0,0.0,0.0,0.0,0.0,0.0,0.0,84.0,7.0,23.0,18.0,0.0,0.0,0.0,0.0,1.0,0.0,1.0,0.0,0.0,0.0,0.0,34.0,0.0,0.0,16.0,0.0,0.0,0.0,0.0,0.0,0.0,17.0,0.0,1.0,33.0,11.0,5.0,0.0,0.0,64.0,52.0,0.0,0.0,0.0,4.0,2.0,6.0,3.0,1.0,40.0,25.0,10.0,5.0,10.0,0.0,0.0,0.0,9.0,2.0,2.0,1.0,0.0,0.0,0.0,0.0,0.0,1.0,0.0,1.0,96.0,33.0,0.0,0.0,0.0,0.0,0.0,0.0,0.0,1.0,0.0,0.0,0.0,0.0,0.0,0.0,0.0,0.0,0.0,1.0,0.0,26.0,1.0,6.0,22.0,0.0,0.0,264.0,36.0,30.0,6.0,3.0,126.0,1.0,0.0,1.0,101.0,29.0,4.0,29.0,3.0,0.0,7.0,0.0,2.0,0.0,0.0,0.0,67.0,19.0,35.0,1.0,0.0,0.0,0.0,0.0,4.0,0.0,0.0,4.0,0.0,0.0,0.0,0.0,9.0,0.0,62.0,14.0,0.0,1.0,0.0,0.0,0.0,0.0,0.0,0.0,0.0,0.0,1.0,0.0,0.0,0.0,0.0,0.0,0.0,0.0,7.0,2.0,5.0,4.0,1.0,1.0,5.0,1.0,0.0,0.0,0.0,0.0,1.0,0.0,0.0,1.0,2.0,1.0,0.0,3.0,0.0,0.0,0.0,0.0,1.0,0.0,0.0,0.0,0.0,1.0,1.0,0.0,500.0,500.0,126.0,17.0,0.0,0.0,126.0,17.0,0.0,0.0,0.0
7,7,7,Denver,724441.68,889998.44,390848.49,39.7392364,-104.984862,61.0,53.0,0.0,2.0,0.0,1.0,3.0,2.0,18.0,17.0,1.0,500.0,36.0,4.0,3.0,7.0,32.0,31.0,0.0,0.0,0.0,0.0,19.0,0.0,0.0,46.0,23.0,0.0,0.0,0.0,1.0,0.0,3.0,3.0,5.0,11.0,13.0,28.0,4.0,0.0,12.0,89.0,10.0,78.0,0.0,0.0,2.0,2.0,0.0,2.0,0.0,0.0,0.0,7.0,22.0,8.0,7.0,4.0,4.0,0.0,0.0,0.0,0.0,0.0,0.0,0.0,20.0,46.0,2.0,1.0,5.0,4.0,3.0,0.0,2.0,103.0,22.0,8.0,6.0,0.0,4.0,6.0,0.0,3.0,12.0,107.0,22.0,1.0,0.0,0.0,0.0,0.0,0.0,0.0,0.0,1.0,0.0,1.0,1.0,0.0,3.0,1.0,5.0,5.0,67.0,1.0,93.0,6.0,56.0,3.0,0.0,0.0,0.0,0.0,0.0,11.0,0.0,63.0,5.0,9.0,4.0,16.0,0.0,500.0,500.0,33.0,5.0,2.0,22.0,6.0,11.0,0.0,29.0,4.0,39.0,1.0,4.0,10.0,9.0,4.0,0.0,6.0,2.0,6.0,0.0,7.0,1.0,2.0,4.0,1.0,0.0,0.0,4.0,2.0,0.0,0.0,4.0,0.0,0.0,0.0,0.0,0.0,0.0,0.0,0.0,0.0,0.0,0.0,0.0,0.0,0.0,1.0,0.0,1.0,0.0,0.0,0.0,0.0,0.0,0.0,0.0,0.0,0.0,0.0,3.0,0.0,0.0,0.0,0.0,0.0,0.0,0.0,0.0,0.0,1.0,0.0,1.0,0.0,0.0,0.0,0.0,0.0,0.0,0.0,0.0,0.0,0.0,0.0,0.0,287.0,6.0,25.0,28.0,0.0,0.0,0.0,0.0,1.0,0.0,0.0,0.0,1.0,1.0,4.0,185.0,0.0,0.0,65.0,0.0,0.0,0.0,0.0,0.0,0.0,65.0,1.0,2.0,167.0,74.0,33.0,0.0,0.0,131.0,110.0,0.0,0.0,1.0,15.0,1.0,4.0,9.0,4.0,127.0,85.0,46.0,9.0,30.0,1.0,1.0,0.0,25.0,12.0,2.0,0.0,0.0,0.0,0.0,1.0,0.0,0.0,0.0,0.0,209.0,128.0,0.0,0.0,0.0,0.0,0.0,0.0,0.0,0.0,2.0,0.0,0.0,0.0,0.0,0.0,0.0,1.0,0.0,1.0,0.0,29.0,0.0,13.0,22.0,5.0,0.0,500.0,156.0,82.0,73.0,1.0,258.0,3.0,1.0,0.0,260.0,99.0,1.0,500.0,3.0,0.0,21.0,1.0,171.0,0.0,0.0,0.0,280.0,12.0,92.0,0.0,0.0,0.0,0.0,0.0,1.0,0.0,0.0,0.0,1.0,0.0,174.0,0.0,1.0,0.0,500.0,28.0,8.0,0.0,0.0,0.0,0.0,4.0,3.0,2.0,1.0,0.0,2.0,0.0,1.0,1.0,0.0,0.0,0.0,0.0,500.0,43.0,16.0,86.0,4.0,18.0,1.0,2.0,1.0,49.0,1.0,16.0,6.0,0.0,26.0,12.0,9.0,3.0,0.0,4.0,1.0,0.0,1.0,0.0,1.0,1.0,0.0,16.0,1.0,0.0,1.0,1.0,500.0,500.0,339.0,105.0,7.0,1.0,339.0,105.0,7.0,1.0,0.0
8,8,8,Englewood,534049.28,633196.47,421651.16,39.6482059,-104.9879641,6.0,0.0,0.0,0.0,0.0,2.0,0.0,4.0,1.0,1.0,0.0,298.0,17.0,1.0,2.0,3.0,8.0,7.0,0.0,0.0,0.0,0.0,5.0,0.0,0.0,38.0,6.0,0.0,0.0,0.0,1.0,0.0,0.0,0.0,0.0,5.0,4.0,5.0,2.0,0.0,1.0,12.0,3.0,9.0,0.0,0.0,0.0,0.0,0.0,0.0,1.0,0.0,0.0,1.0,9.0,7.0,0.0,0.0,0.0,0.0,0.0,0.0,0.0,0.0,0.0,0.0,1.0,6.0,0.0,0.0,0.0,0.0,0.0,0.0,2.0,29.0,12.0,2.0,0.0,0.0,0.0,2.0,0.0,2.0,3.0,25.0,4.0,0.0,0.0,0.0,0.0,0.0,0.0,0.0,0.0,0.0,0.0,0.0,1.0,0.0,0.0,0.0,2.0,0.0,16.0,2.0,24.0,3.0,8.0,0.0,0.0,0.0,0.0,0.0,0.0,2.0,0.0,3.0,3.0,1.0,1.0,1.0,0.0,228.0,100.0,12.0,0.0,1.0,6.0,2.0,1.0,1.0,7.0,2.0,10.0,0.0,5.0,2.0,3.0,0.0,0.0,2.0,0.0,3.0,0.0,1.0,0.0,1.0,1.0,0.0,0.0,0.0,1.0,0.0,0.0,0.0,0.0,0.0,0.0,0.0,0.0,0.0,0.0,0.0,0.0,0.0,0.0,0.0,0.0,0.0,0.0,0.0,0.0,0.0,0.0,0.0,0.0,0.0,0.0,0.0,0.0,0.0,0.0,0.0,0.0,0.0,0.0,0.0,0.0,0.0,1.0,0.0,0.0,0.0,0.0,0.0,0.0,0.0,0.0,0.0,0.0,0.0,0.0,0.0,0.0,0.0,0.0,0.0,0.0,65.0,6.0,21.0,10.0,0.0,0.0,0.0,0.0,1.0,0.0,0.0,0.0,0.0,0.0,0.0,27.0,0.0,0.0,23.0,0.0,0.0,1.0,0.0,0.0,0.0,23.0,0.0,0.0,10.0,24.0,2.0,0.0,0.0,70.0,60.0,0.0,1.0,0.0,4.0,2.0,3.0,5.0,4.0,14.0,8.0,5.0,2.0,1.0,1.0,0.0,0.0,1.0,2.0,1.0,0.0,1.0,0.0,0.0,0.0,0.0,0.0,0.0,0.0,39.0,14.0,0.0,0.0,0.0,0.0,0.0,0.0,0.0,0.0,0.0,0.0,0.0,0.0,0.0,0.0,0.0,0.0,0.0,0.0,0.0,7.0,0.0,4.0,12.0,0.0,0.0,208.0,36.0,27.0,3.0,6.0,79.0,0.0,0.0,0.0,93.0,6.0,0.0,116.0,6.0,0.0,9.0,1.0,10.0,0.0,0.0,0.0,363.0,48.0,88.0,0.0,0.0,0.0,0.0,0.0,1.0,1.0,0.0,0.0,0.0,0.0,226.0,0.0,0.0,0.0,30.0,1.0,0.0,0.0,0.0,0.0,0.0,0.0,0.0,0.0,0.0,0.0,0.0,0.0,0.0,0.0,0.0,0.0,0.0,0.0,6.0,8.0,0.0,7.0,0.0,2.0,1.0,0.0,0.0,0.0,1.0,0.0,1.0,0.0,0.0,0.0,0.0,0.0,0.0,0.0,0.0,0.0,0.0,0.0,0.0,0.0,0.0,0.0,0.0,0.0,0.0,0.0,500.0,500.0,284.0,23.0,0.0,0.0,284.0,23.0,0.0,0.0,0.0
9,9,9,Fort Collins,619802.66,737892.09,415641.79,40.5508527,-105.0668085,18.0,17.0,0.0,0.0,0.0,0.0,1.0,0.0,3.0,2.0,1.0,500.0,23.0,2.0,2.0,11.0,24.0,26.0,0.0,0.0,0.0,0.0,14.0,2.0,0.0,33.0,27.0,0.0,0.0,2.0,4.0,0.0,0.0,5.0,6.0,10.0,13.0,11.0,3.0,0.0,0.0,42.0,7.0,35.0,1.0,0.0,1.0,4.0,0.0,1.0,0.0,1.0,0.0,5.0,26.0,11.0,3.0,7.0,5.0,1.0,0.0,1.0,0.0,0.0,1.0,0.0,3.0,27.0,0.0,0.0,4.0,1.0,6.0,0.0,5.0,78.0,14.0,10.0,3.0,1.0,1.0,3.0,0.0,3.0,14.0,52.0,15.0,0.0,0.0,0.0,2.0,0.0,0.0,0.0,0.0,0.0,0.0,0.0,0.0,0.0,2.0,0.0,1.0,0.0,28.0,4.0,31.0,3.0,13.0,5.0,0.0,2.0,0.0,0.0,1.0,8.0,0.0,6.0,0.0,1.0,2.0,5.0,0.0,396.0,176.0,17.0,3.0,0.0,6.0,4.0,5.0,1.0,21.0,6.0,16.0,0.0,3.0,9.0,4.0,1.0,0.0,5.0,1.0,3.0,0.0,7.0,0.0,1.0,2.0,0.0,0.0,0.0,3.0,0.0,0.0,0.0,3.0,0.0,0.0,0.0,1.0,0.0,0.0,0.0,0.0,0.0,0.0,0.0,0.0,0.0,1.0,0.0,0.0,0.0,0.0,0.0,0.0,0.0,0.0,0.0,0.0,0.0,0.0,0.0,0.0,0.0,0.0,0.0,0.0,0.0,0.0,0.0,0.0,0.0,0.0,0.0,0.0,0.0,0.0,1.0,0.0,0.0,1.0,0.0,0.0,0.0,0.0,0.0,0.0,105.0,13.0,22.0,22.0,0.0,0.0,0.0,0.0,1.0,0.0,0.0,0.0,0.0,0.0,0.0,53.0,0.0,0.0,22.0,0.0,0.0,1.0,0.0,1.0,0.0,22.0,1.0,0.0,17.0,36.0,10.0,0.0,0.0,59.0,46.0,0.0,4.0,0.0,5.0,1.0,3.0,4.0,2.0,32.0,9.0,6.0,1.0,2.0,0.0,0.0,0.0,7.0,4.0,3.0,2.0,3.0,1.0,0.0,1.0,0.0,2.0,2.0,0.0,105.0,25.0,0.0,0.0,0.0,0.0,0.0,0.0,0.0,0.0,0.0,0.0,2.0,0.0,2.0,0.0,0.0,0.0,0.0,0.0,0.0,33.0,2.0,4.0,14.0,1.0,0.0,198.0,23.0,2.0,19.0,2.0,76.0,0.0,0.0,0.0,99.0,20.0,25.0,87.0,8.0,0.0,19.0,0.0,0.0,0.0,0.0,0.0,288.0,60.0,156.0,0.0,0.0,0.0,0.0,0.0,1.0,0.0,0.0,0.0,1.0,0.0,43.0,0.0,28.0,0.0,193.0,17.0,0.0,0.0,1.0,0.0,0.0,0.0,0.0,0.0,0.0,0.0,0.0,0.0,0.0,0.0,0.0,0.0,0.0,0.0,71.0,14.0,25.0,8.0,2.0,4.0,2.0,0.0,0.0,1.0,1.0,5.0,1.0,3.0,0.0,4.0,7.0,1.0,0.0,1.0,1.0,0.0,0.0,0.0,9.0,0.0,0.0,2.0,1.0,0.0,0.0,0.0,500.0,500.0,376.0,11.0,0.0,0.0,376.0,11.0,0.0,0.0,3.0
10,10,10,Frisco,1722745.05,1441888.97,627068.41,39.5744299,-106.0975196,8.0,5.0,0.0,2.0,0.0,0.0,0.0,1.0,0.0,0.0,0.0,14.0,3.0,0.0,0.0,0.0,1.0,1.0,0.0,0.0,0.0,0.0,0.0,0.0,0.0,1.0,0.0,0.0,0.0,0.0,0.0,0.0,0.0,0.0,0.0,0.0,0.0,0.0,0.0,0.0,0.0,0.0,0.0,0.0,0.0,0.0,0.0,0.0,0.0,0.0,0.0,0.0,0.0,0.0,0.0,0.0,0.0,0.0,0.0,0.0,0.0,0.0,0.0,0.0,0.0,0.0,0.0,0.0,0.0,0.0,0.0,0.0,0.0,0.0,0.0,1.0,0.0,0.0,0.0,1.0,0.0,0.0,0.0,0.0,1.0,1.0,0.0,0.0,0.0,0.0,0.0,0.0,0.0,0.0,0.0,0.0,0.0,0.0,0.0,0.0,0.0,0.0,0.0,0.0,1.0,0.0,3.0,0.0,0.0,0.0,0.0,0.0,0.0,0.0,0.0,0.0,0.0,0.0,0.0,0.0,0.0,0.0,0.0,20.0,9.0,0.0,0.0,0.0,0.0,0.0,0.0,0.0,1.0,0.0,0.0,0.0,0.0,0.0,1.0,0.0,0.0,0.0,0.0,0.0,0.0,0.0,0.0,0.0,0.0,0.0,0.0,0.0,0.0,0.0,0.0,0.0,0.0,0.0,0.0,0.0,0.0,0.0,0.0,0.0,0.0,0.0,0.0,0.0,0.0,0.0,0.0,0.0,0.0,0.0,0.0,0.0,0.0,0.0,0.0,0.0,0.0,0.0,0.0,0.0,0.0,0.0,0.0,0.0,0.0,0.0,0.0,0.0,0.0,0.0,0.0,0.0,0.0,0.0,0.0,0.0,0.0,0.0,0.0,0.0,0.0,0.0,0.0,0.0,0.0,5.0,0.0,1.0,2.0,0.0,0.0,0.0,0.0,0.0,0.0,0.0,0.0,0.0,0.0,0.0,2.0,0.0,0.0,2.0,0.0,0.0,0.0,0.0,0.0,0.0,2.0,0.0,0.0,2.0,2.0,0.0,0.0,0.0,4.0,3.0,0.0,0.0,0.0,1.0,0.0,0.0,1.0,0.0,1.0,0.0,0.0,0.0,0.0,0.0,0.0,0.0,1.0,0.0,0.0,0.0,0.0,0.0,0.0,0.0,0.0,0.0,0.0,0.0,2.0,1.0,0.0,0.0,0.0,0.0,0.0,0.0,0.0,0.0,0.0,0.0,0.0,0.0,0.0,0.0,0.0,0.0,0.0,0.0,0.0,0.0,0.0,1.0,0.0,0.0,0.0,22.0,10.0,4.0,6.0,0.0,6.0,0.0,0.0,0.0,6.0,0.0,2.0,13.0,2.0,0.0,1.0,1.0,0.0,0.0,0.0,0.0,116.0,14.0,94.0,0.0,0.0,0.0,0.0,4.0,6.0,6.0,0.0,0.0,0.0,0.0,0.0,0.0,2.0,0.0,0.0,0.0,0.0,0.0,0.0,0.0,0.0,0.0,0.0,0.0,0.0,0.0,0.0,0.0,0.0,0.0,0.0,0.0,0.0,0.0,0.0,0.0,0.0,0.0,0.0,0.0,0.0,0.0,0.0,0.0,0.0,0.0,0.0,0.0,0.0,0.0,0.0,0.0,0.0,0.0,0.0,0.0,0.0,0.0,0.0,0.0,0.0,0.0,0.0,0.0,0.0,0.0,72.0,72.0,34.0,0.0,0.0,0.0,34.0,0.0,0.0,0.0,0.0
11,11,11,Golden,694776.49,1146975.93,557278.05,39.7546349,-105.22058,8.0,5.0,0.0,0.0,0.0,3.0,0.0,0.0,4.0,4.0,0.0,149.0,3.0,0.0,0.0,1.0,3.0,10.0,0.0,2.0,0.0,0.0,5.0,1.0,0.0,15.0,3.0,0.0,0.0,0.0,1.0,0.0,0.0,0.0,0.0,1.0,1.0,2.0,0.0,0.0,0.0,5.0,1.0,4.0,0.0,0.0,0.0,0.0,0.0,0.0,0.0,0.0,0.0,1.0,2.0,1.0,0.0,1.0,1.0,0.0,0.0,0.0,0.0,0.0,0.0,0.0,1.0,1.0,0.0,0.0,0.0,0.0,1.0,0.0,0.0,8.0,1.0,0.0,1.0,0.0,0.0,0.0,0.0,2.0,1.0,10.0,1.0,0.0,0.0,0.0,0.0,0.0,0.0,0.0,0.0,0.0,0.0,0.0,0.0,0.0,0.0,0.0,0.0,0.0,9.0,0.0,11.0,1.0,1.0,0.0,0.0,0.0,0.0,0.0,0.0,3.0,0.0,1.0,1.0,0.0,0.0,0.0,0.0,87.0,43.0,8.0,0.0,1.0,0.0,0.0,1.0,0.0,5.0,0.0,5.0,0.0,0.0,0.0,1.0,0.0,0.0,1.0,0.0,0.0,0.0,0.0,0.0,0.0,1.0,0.0,0.0,1.0,0.0,0.0,0.0,0.0,0.0,0.0,0.0,0.0,0.0,0.0,0.0,0.0,0.0,0.0,0.0,0.0,0.0,0.0,0.0,0.0,0.0,0.0,0.0,0.0,0.0,0.0,0.0,0.0,0.0,0.0,0.0,0.0,0.0,0.0,0.0,0.0,0.0,0.0,0.0,0.0,0.0,0.0,0.0,0.0,0.0,1.0,0.0,0.0,0.0,0.0,0.0,0.0,0.0,0.0,0.0,0.0,0.0,20.0,2.0,5.0,7.0,0.0,0.0,0.0,0.0,0.0,0.0,0.0,0.0,0.0,0.0,0.0,12.0,0.0,0.0,7.0,0.0,0.0,0.0,0.0,0.0,0.0,7.0,0.0,4.0,7.0,0.0,1.0,0.0,0.0,14.0,11.0,0.0,0.0,0.0,2.0,0.0,1.0,3.0,1.0,12.0,3.0,0.0,2.0,1.0,0.0,0.0,0.0,6.0,0.0,0.0,0.0,0.0,0.0,0.0,1.0,1.0,1.0,0.0,1.0,12.0,3.0,0.0,0.0,0.0,0.0,0.0,0.0,0.0,0.0,0.0,0.0,0.0,0.0,0.0,0.0,0.0,0.0,0.0,0.0,0.0,5.0,0.0,0.0,1.0,1.0,0.0,500.0,85.0,6.0,78.0,1.0,46.0,0.0,0.0,0.0,500.0,500.0,5.0,200.0,0.0,0.0,20.0,0.0,26.0,0.0,0.0,0.0,310.0,64.0,99.0,0.0,0.0,0.0,0.0,0.0,68.0,8.0,0.0,57.0,3.0,0.0,58.0,0.0,21.0,0.0,30.0,7.0,1.0,0.0,0.0,1.0,0.0,0.0,1.0,0.0,1.0,0.0,0.0,0.0,0.0,0.0,0.0,0.0,0.0,0.0,8.0,2.0,1.0,0.0,0.0,2.0,2.0,0.0,0.0,0.0,0.0,0.0,0.0,0.0,2.0,0.0,1.0,0.0,0.0,0.0,0.0,0.0,0.0,0.0,1.0,0.0,0.0,0.0,0.0,0.0,0.0,0.0,500.0,500.0,167.0,6.0,1.0,0.0,167.0,6.0,1.0,0.0,0.0
12,12,12,Lakewood,653374.0,737691.88,404437.63,39.7085736,-105.0846694,48.0,11.0,0.0,2.0,0.0,0.0,0.0,35.0,2.0,1.0,1.0,434.0,18.0,0.0,28.0,3.0,12.0,4.0,0.0,0.0,0.0,0.0,1.0,0.0,0.0,68.0,10.0,0.0,0.0,0.0,4.0,0.0,0.0,1.0,0.0,5.0,4.0,3.0,2.0,0.0,0.0,15.0,4.0,11.0,1.0,0.0,0.0,0.0,0.0,0.0,0.0,0.0,0.0,4.0,19.0,16.0,2.0,1.0,1.0,0.0,0.0,0.0,0.0,0.0,0.0,0.0,1.0,4.0,0.0,0.0,0.0,0.0,1.0,0.0,4.0,24.0,11.0,1.0,0.0,0.0,0.0,1.0,0.0,5.0,1.0,31.0,3.0,0.0,0.0,0.0,0.0,0.0,0.0,0.0,0.0,0.0,0.0,0.0,0.0,0.0,0.0,0.0,2.0,0.0,26.0,0.0,46.0,5.0,7.0,0.0,0.0,0.0,0.0,0.0,0.0,3.0,1.0,1.0,0.0,0.0,0.0,0.0,0.0,226.0,107.0,8.0,0.0,0.0,5.0,5.0,1.0,0.0,11.0,3.0,16.0,1.0,1.0,1.0,1.0,0.0,0.0,4.0,0.0,1.0,0.0,0.0,1.0,1.0,1.0,0.0,0.0,1.0,2.0,0.0,0.0,0.0,0.0,0.0,0.0,0.0,1.0,0.0,0.0,0.0,0.0,0.0,0.0,0.0,1.0,0.0,0.0,0.0,0.0,0.0,0.0,0.0,0.0,0.0,0.0,0.0,0.0,0.0,0.0,0.0,0.0,0.0,0.0,0.0,0.0,0.0,0.0,0.0,0.0,0.0,0.0,0.0,1.0,0.0,0.0,1.0,0.0,0.0,0.0,0.0,0.0,0.0,0.0,0.0,0.0,84.0,9.0,28.0,11.0,0.0,0.0,0.0,0.0,2.0,0.0,0.0,0.0,0.0,0.0,0.0,16.0,0.0,0.0,15.0,1.0,0.0,0.0,0.0,0.0,0.0,15.0,0.0,0.0,10.0,7.0,2.0,0.0,0.0,96.0,87.0,0.0,0.0,0.0,6.0,1.0,2.0,9.0,8.0,14.0,4.0,3.0,0.0,1.0,0.0,0.0,1.0,5.0,2.0,0.0,0.0,0.0,1.0,0.0,0.0,1.0,0.0,0.0,0.0,43.0,5.0,0.0,0.0,0.0,0.0,0.0,0.0,0.0,0.0,0.0,0.0,0.0,0.0,0.0,0.0,0.0,0.0,0.0,0.0,0.0,14.0,0.0,7.0,11.0,0.0,0.0,356.0,92.0,50.0,39.0,3.0,168.0,0.0,0.0,0.0,96.0,20.0,0.0,136.0,16.0,0.0,20.0,1.0,17.0,0.0,0.0,0.0,246.0,118.0,96.0,0.0,0.0,0.0,0.0,0.0,0.0,0.0,0.0,0.0,0.0,0.0,31.0,0.0,1.0,0.0,32.0,3.0,0.0,0.0,0.0,0.0,0.0,0.0,0.0,1.0,0.0,0.0,0.0,0.0,0.0,0.0,0.0,0.0,1.0,0.0,14.0,0.0,2.0,2.0,0.0,0.0,0.0,0.0,0.0,1.0,2.0,0.0,0.0,0.0,0.0,1.0,2.0,2.0,0.0,0.0,0.0,0.0,0.0,0.0,0.0,0.0,0.0,0.0,0.0,0.0,0.0,0.0,500.0,500.0,500.0,15.0,0.0,0.0,500.0,15.0,0.0,0.0,1.0
13,13,13,Littleton,771758.24,992497.59,491869.96,39.613321,-105.016649,3.0,0.0,0.0,0.0,0.0,0.0,0.0,3.0,2.0,1.0,1.0,242.0,10.0,1.0,0.0,3.0,7.0,8.0,0.0,0.0,0.0,0.0,6.0,0.0,0.0,30.0,6.0,0.0,0.0,0.0,2.0,0.0,1.0,0.0,0.0,3.0,1.0,5.0,2.0,0.0,1.0,23.0,2.0,20.0,0.0,0.0,1.0,4.0,1.0,1.0,1.0,0.0,0.0,0.0,8.0,7.0,0.0,0.0,0.0,0.0,0.0,0.0,0.0,0.0,0.0,0.0,1.0,5.0,0.0,0.0,0.0,0.0,1.0,0.0,1.0,15.0,4.0,1.0,1.0,0.0,0.0,1.0,0.0,1.0,4.0,22.0,4.0,0.0,0.0,0.0,0.0,0.0,0.0,0.0,0.0,0.0,0.0,0.0,0.0,0.0,1.0,0.0,2.0,0.0,13.0,2.0,18.0,1.0,3.0,1.0,0.0,0.0,0.0,0.0,0.0,1.0,0.0,2.0,1.0,0.0,1.0,0.0,0.0,135.0,54.0,7.0,0.0,2.0,2.0,0.0,0.0,0.0,6.0,2.0,6.0,0.0,1.0,1.0,2.0,0.0,0.0,0.0,0.0,1.0,0.0,3.0,0.0,1.0,2.0,0.0,0.0,0.0,0.0,0.0,0.0,0.0,0.0,0.0,0.0,0.0,0.0,0.0,0.0,0.0,0.0,0.0,0.0,0.0,0.0,0.0,0.0,0.0,0.0,0.0,0.0,0.0,0.0,0.0,0.0,0.0,0.0,0.0,0.0,0.0,0.0,0.0,0.0,0.0,0.0,0.0,0.0,0.0,0.0,0.0,0.0,0.0,0.0,0.0,0.0,0.0,0.0,0.0,0.0,0.0,0.0,0.0,0.0,0.0,0.0,43.0,3.0,15.0,9.0,0.0,0.0,0.0,0.0,1.0,0.0,0.0,0.0,0.0,0.0,0.0,17.0,0.0,0.0,15.0,0.0,0.0,0.0,0.0,0.0,0.0,15.0,0.0,0.0,5.0,12.0,3.0,1.0,0.0,50.0,42.0,1.0,2.0,0.0,1.0,4.0,0.0,4.0,2.0,10.0,4.0,1.0,2.0,1.0,1.0,0.0,0.0,1.0,3.0,1.0,0.0,0.0,0.0,0.0,0.0,0.0,0.0,0.0,0.0,16.0,2.0,0.0,0.0,0.0,0.0,0.0,0.0,0.0,0.0,0.0,0.0,0.0,0.0,0.0,0.0,0.0,0.0,0.0,0.0,0.0,5.0,0.0,3.0,4.0,0.0,0.0,203.0,29.0,19.0,4.0,6.0,78.0,0.0,0.0,0.0,96.0,4.0,0.0,60.0,24.0,0.0,5.0,0.0,8.0,0.0,0.0,0.0,283.0,48.0,92.0,0.0,0.0,0.0,0.0,0.0,0.0,0.0,0.0,0.0,0.0,0.0,143.0,0.0,0.0,0.0,23.0,2.0,0.0,0.0,0.0,0.0,0.0,0.0,0.0,0.0,0.0,0.0,0.0,0.0,0.0,0.0,0.0,0.0,0.0,0.0,4.0,5.0,0.0,3.0,1.0,1.0,0.0,0.0,0.0,0.0,1.0,0.0,2.0,0.0,1.0,0.0,0.0,0.0,0.0,0.0,0.0,0.0,0.0,0.0,0.0,0.0,0.0,0.0,0.0,0.0,0.0,0.0,500.0,500.0,136.0,4.0,0.0,0.0,136.0,4.0,0.0,0.0,0.0
14,14,14,Longmont,574385.85,714330.15,438779.49,40.1672117,-105.1019287,14.0,11.0,0.0,0.0,0.0,0.0,0.0,3.0,3.0,3.0,0.0,171.0,17.0,1.0,2.0,6.0,8.0,2.0,0.0,0.0,0.0,0.0,0.0,0.0,0.0,11.0,8.0,0.0,0.0,0.0,2.0,0.0,1.0,0.0,2.0,3.0,2.0,0.0,2.0,0.0,0.0,6.0,3.0,3.0,0.0,0.0,0.0,1.0,0.0,0.0,0.0,0.0,0.0,3.0,8.0,3.0,2.0,2.0,1.0,0.0,0.0,0.0,0.0,1.0,0.0,0.0,0.0,9.0,0.0,0.0,0.0,0.0,5.0,0.0,0.0,18.0,6.0,2.0,0.0,1.0,0.0,1.0,0.0,2.0,2.0,15.0,5.0,0.0,0.0,0.0,0.0,0.0,0.0,0.0,0.0,0.0,0.0,0.0,0.0,2.0,0.0,0.0,0.0,1.0,7.0,0.0,5.0,2.0,4.0,3.0,0.0,0.0,0.0,0.0,1.0,2.0,0.0,0.0,0.0,1.0,0.0,1.0,0.0,160.0,86.0,5.0,3.0,0.0,2.0,5.0,1.0,1.0,14.0,2.0,11.0,0.0,2.0,0.0,3.0,0.0,0.0,2.0,0.0,1.0,0.0,1.0,0.0,1.0,0.0,0.0,0.0,0.0,2.0,0.0,0.0,0.0,0.0,0.0,0.0,0.0,2.0,0.0,0.0,0.0,0.0,0.0,0.0,0.0,0.0,0.0,0.0,0.0,0.0,0.0,0.0,0.0,0.0,0.0,0.0,0.0,0.0,0.0,0.0,0.0,0.0,0.0,0.0,0.0,0.0,0.0,1.0,0.0,0.0,0.0,0.0,0.0,0.0,0.0,0.0,0.0,0.0,0.0,0.0,0.0,0.0,0.0,0.0,0.0,0.0,44.0,4.0,17.0,8.0,0.0,0.0,0.0,0.0,0.0,0.0,0.0,0.0,0.0,0.0,0.0,19.0,0.0,0.0,15.0,0.0,0.0,1.0,0.0,0.0,0.0,15.0,1.0,0.0,3.0,2.0,5.0,1.0,0.0,28.0,24.0,0.0,1.0,0.0,1.0,2.0,0.0,4.0,3.0,9.0,3.0,2.0,0.0,1.0,0.0,0.0,0.0,3.0,1.0,0.0,1.0,0.0,1.0,0.0,0.0,0.0,0.0,0.0,0.0,28.0,10.0,0.0,0.0,0.0,0.0,0.0,0.0,0.0,0.0,0.0,0.0,0.0,0.0,0.0,0.0,0.0,0.0,0.0,0.0,0.0,7.0,0.0,3.0,6.0,0.0,0.0,140.0,25.0,11.0,14.0,0.0,38.0,0.0,0.0,0.0,77.0,5.0,0.0,34.0,5.0,0.0,5.0,1.0,0.0,0.0,0.0,0.0,80.0,0.0,68.0,0.0,0.0,0.0,0.0,0.0,1.0,1.0,0.0,0.0,0.0,0.0,11.0,0.0,0.0,0.0,24.0,3.0,0.0,0.0,0.0,0.0,0.0,0.0,0.0,1.0,0.0,0.0,0.0,0.0,0.0,0.0,0.0,0.0,0.0,0.0,3.0,2.0,5.0,3.0,0.0,1.0,1.0,1.0,0.0,1.0,0.0,0.0,0.0,0.0,0.0,0.0,1.0,0.0,0.0,0.0,0.0,0.0,0.0,0.0,0.0,0.0,0.0,0.0,0.0,0.0,0.0,0.0,206.0,206.0,20.0,1.0,0.0,0.0,20.0,1.0,0.0,0.0,0.0
15,15,15,Mesa,505738.88,710747.45,230685.97,39.1661104,-108.1395061,0.0,0.0,0.0,0.0,0.0,0.0,0.0,0.0,1.0,1.0,0.0,2.0,0.0,0.0,0.0,0.0,0.0,0.0,0.0,0.0,0.0,0.0,0.0,0.0,0.0,0.0,0.0,0.0,0.0,0.0,0.0,0.0,0.0,0.0,0.0,0.0,0.0,0.0,0.0,0.0,0.0,0.0,0.0,0.0,0.0,0.0,0.0,0.0,0.0,0.0,0.0,0.0,0.0,0.0,0.0,0.0,0.0,0.0,0.0,0.0,0.0,0.0,0.0,0.0,0.0,0.0,0.0,0.0,0.0,0.0,0.0,0.0,0.0,0.0,0.0,0.0,0.0,0.0,0.0,0.0,0.0,0.0,0.0,0.0,0.0,1.0,0.0,0.0,0.0,0.0,0.0,0.0,0.0,0.0,0.0,0.0,0.0,0.0,0.0,0.0,0.0,0.0,0.0,0.0,1.0,0.0,1.0,0.0,0.0,0.0,0.0,0.0,0.0,0.0,0.0,0.0,0.0,0.0,0.0,0.0,0.0,0.0,0.0,2.0,2.0,0.0,0.0,0.0,0.0,0.0,0.0,0.0,0.0,0.0,0.0,0.0,0.0,0.0,0.0,0.0,0.0,0.0,0.0,0.0,0.0,0.0,0.0,0.0,0.0,0.0,0.0,0.0,0.0,0.0,0.0,0.0,0.0,0.0,0.0,0.0,0.0,0.0,0.0,0.0,0.0,0.0,0.0,0.0,0.0,0.0,0.0,0.0,0.0,0.0,0.0,0.0,0.0,0.0,0.0,0.0,0.0,0.0,0.0,0.0,0.0,0.0,0.0,0.0,0.0,0.0,0.0,0.0,0.0,0.0,0.0,0.0,0.0,0.0,0.0,0.0,0.0,0.0,0.0,0.0,0.0,0.0,0.0,0.0,0.0,0.0,0.0,0.0,0.0,0.0,0.0,0.0,0.0,0.0,0.0,0.0,0.0,0.0,0.0,0.0,0.0,0.0,0.0,0.0,0.0,0.0,0.0,0.0,0.0,0.0,0.0,0.0,0.0,0.0,0.0,0.0,0.0,0.0,0.0,0.0,0.0,0.0,0.0,0.0,0.0,0.0,0.0,0.0,0.0,0.0,0.0,0.0,0.0,0.0,0.0,0.0,0.0,0.0,0.0,0.0,0.0,0.0,0.0,0.0,0.0,0.0,0.0,0.0,1.0,1.0,0.0,0.0,0.0,0.0,0.0,0.0,0.0,0.0,0.0,0.0,0.0,0.0,0.0,0.0,0.0,0.0,0.0,0.0,0.0,0.0,0.0,0.0,0.0,0.0,0.0,1.0,0.0,0.0,0.0,0.0,1.0,0.0,0.0,0.0,0.0,0.0,0.0,2.0,0.0,0.0,0.0,0.0,1.0,0.0,0.0,0.0,21.0,0.0,18.0,0.0,0.0,0.0,0.0,0.0,3.0,3.0,0.0,0.0,0.0,0.0,0.0,0.0,0.0,0.0,1.0,0.0,0.0,0.0,0.0,0.0,0.0,0.0,0.0,0.0,0.0,0.0,0.0,0.0,0.0,0.0,0.0,0.0,0.0,0.0,0.0,0.0,0.0,0.0,0.0,0.0,0.0,0.0,0.0,0.0,0.0,0.0,0.0,0.0,0.0,0.0,0.0,0.0,0.0,0.0,0.0,0.0,0.0,0.0,0.0,0.0,0.0,0.0,0.0,0.0,0.0,0.0,5.0,5.0,2.0,0.0,0.0,0.0,2.0,0.0,0.0,0.0,0.0
16,16,16,Parker,848518.77,884486.76,564928.61,39.5184514,-104.7612638,16.0,3.0,0.0,12.0,0.0,0.0,0.0,1.0,3.0,1.0,2.0,315.0,10.0,0.0,0.0,3.0,13.0,7.0,0.0,0.0,0.0,0.0,2.0,1.0,0.0,21.0,7.0,0.0,0.0,1.0,1.0,0.0,0.0,0.0,0.0,4.0,1.0,2.0,2.0,0.0,0.0,13.0,2.0,8.0,0.0,0.0,0.0,1.0,1.0,1.0,0.0,1.0,0.0,2.0,9.0,3.0,3.0,2.0,2.0,0.0,0.0,0.0,0.0,0.0,0.0,0.0,2.0,12.0,0.0,2.0,2.0,3.0,3.0,0.0,1.0,38.0,6.0,2.0,1.0,0.0,0.0,0.0,0.0,1.0,7.0,19.0,3.0,1.0,1.0,0.0,0.0,0.0,0.0,0.0,0.0,1.0,1.0,0.0,1.0,0.0,1.0,0.0,0.0,0.0,11.0,0.0,22.0,4.0,4.0,2.0,0.0,3.0,0.0,0.0,0.0,4.0,0.0,0.0,1.0,1.0,0.0,0.0,0.0,131.0,57.0,4.0,1.0,2.0,2.0,4.0,0.0,1.0,7.0,4.0,2.0,0.0,1.0,3.0,2.0,0.0,0.0,2.0,1.0,0.0,0.0,2.0,0.0,1.0,2.0,0.0,0.0,0.0,1.0,0.0,0.0,0.0,0.0,0.0,0.0,0.0,1.0,0.0,0.0,0.0,0.0,0.0,0.0,0.0,0.0,0.0,0.0,0.0,0.0,0.0,0.0,0.0,0.0,0.0,0.0,0.0,0.0,0.0,0.0,0.0,0.0,0.0,1.0,0.0,0.0,0.0,0.0,0.0,0.0,0.0,0.0,0.0,0.0,0.0,0.0,0.0,0.0,0.0,0.0,0.0,0.0,0.0,0.0,0.0,0.0,49.0,8.0,16.0,10.0,0.0,0.0,0.0,0.0,0.0,0.0,0.0,0.0,0.0,0.0,0.0,15.0,0.0,0.0,11.0,0.0,0.0,0.0,0.0,0.0,0.0,11.0,0.0,0.0,4.0,1.0,5.0,0.0,0.0,31.0,29.0,1.0,0.0,0.0,1.0,0.0,0.0,12.0,8.0,7.0,3.0,3.0,0.0,0.0,0.0,0.0,0.0,0.0,1.0,1.0,0.0,1.0,0.0,0.0,0.0,1.0,0.0,0.0,0.0,61.0,23.0,0.0,0.0,0.0,0.0,0.0,0.0,0.0,0.0,2.0,0.0,0.0,0.0,0.0,0.0,0.0,0.0,1.0,0.0,0.0,24.0,1.0,2.0,6.0,0.0,0.0,382.0,82.0,11.0,71.0,0.0,181.0,0.0,0.0,0.0,119.0,10.0,0.0,161.0,0.0,0.0,0.0,0.0,12.0,0.0,0.0,0.0,357.0,8.0,278.0,0.0,0.0,0.0,0.0,0.0,0.0,0.0,0.0,0.0,0.0,0.0,71.0,0.0,0.0,0.0,59.0,3.0,0.0,0.0,0.0,0.0,0.0,0.0,0.0,0.0,0.0,0.0,0.0,0.0,0.0,0.0,0.0,0.0,0.0,0.0,5.0,4.0,14.0,1.0,1.0,4.0,0.0,0.0,0.0,0.0,0.0,0.0,1.0,0.0,1.0,7.0,2.0,0.0,0.0,2.0,0.0,0.0,0.0,0.0,1.0,0.0,1.0,0.0,0.0,0.0,0.0,0.0,500.0,500.0,53.0,2.0,0.0,0.0,53.0,2.0,0.0,0.0,0.0
17,17,17,Pueblo,251260.46,399668.42,183584.84,38.2544472,-104.609141,13.0,6.0,0.0,0.0,0.0,0.0,0.0,7.0,4.0,4.0,0.0,130.0,7.0,0.0,0.0,0.0,2.0,1.0,0.0,0.0,0.0,0.0,0.0,0.0,0.0,7.0,4.0,0.0,0.0,0.0,1.0,0.0,0.0,0.0,0.0,3.0,0.0,3.0,0.0,0.0,2.0,4.0,0.0,4.0,0.0,0.0,0.0,0.0,0.0,0.0,0.0,0.0,0.0,0.0,4.0,1.0,1.0,2.0,1.0,0.0,1.0,0.0,0.0,0.0,0.0,0.0,0.0,6.0,0.0,0.0,1.0,1.0,1.0,0.0,3.0,11.0,3.0,1.0,1.0,0.0,0.0,0.0,0.0,1.0,0.0,7.0,2.0,0.0,0.0,0.0,0.0,0.0,0.0,0.0,0.0,0.0,0.0,0.0,0.0,0.0,1.0,0.0,0.0,1.0,2.0,1.0,26.0,3.0,3.0,0.0,1.0,0.0,0.0,0.0,0.0,1.0,0.0,0.0,5.0,1.0,0.0,1.0,0.0,68.0,27.0,1.0,3.0,0.0,1.0,1.0,0.0,0.0,2.0,0.0,0.0,0.0,0.0,0.0,1.0,0.0,0.0,0.0,0.0,0.0,0.0,0.0,0.0,0.0,0.0,0.0,0.0,0.0,0.0,0.0,0.0,0.0,0.0,0.0,0.0,0.0,0.0,0.0,0.0,0.0,0.0,0.0,0.0,0.0,0.0,0.0,0.0,0.0,0.0,0.0,0.0,0.0,0.0,0.0,0.0,0.0,0.0,0.0,0.0,0.0,0.0,0.0,0.0,0.0,0.0,0.0,0.0,0.0,0.0,0.0,0.0,0.0,0.0,0.0,0.0,0.0,0.0,0.0,0.0,0.0,0.0,0.0,0.0,0.0,0.0,27.0,2.0,9.0,3.0,0.0,0.0,0.0,0.0,0.0,0.0,0.0,0.0,0.0,0.0,0.0,5.0,0.0,0.0,2.0,0.0,0.0,0.0,0.0,0.0,0.0,2.0,0.0,0.0,5.0,3.0,1.0,0.0,0.0,45.0,43.0,0.0,0.0,0.0,1.0,1.0,0.0,0.0,0.0,22.0,11.0,5.0,2.0,4.0,1.0,0.0,0.0,7.0,1.0,0.0,1.0,0.0,0.0,0.0,1.0,0.0,0.0,0.0,0.0,10.0,1.0,0.0,0.0,0.0,0.0,0.0,0.0,0.0,0.0,0.0,0.0,0.0,0.0,0.0,0.0,0.0,0.0,0.0,0.0,0.0,1.0,0.0,3.0,3.0,7.0,0.0,119.0,9.0,5.0,0.0,4.0,34.0,0.0,0.0,0.0,76.0,22.0,0.0,200.0,8.0,0.0,13.0,2.0,14.0,0.0,0.0,0.0,158.0,37.0,87.0,0.0,0.0,0.0,0.0,0.0,3.0,1.0,0.0,2.0,0.0,0.0,31.0,0.0,0.0,0.0,34.0,8.0,0.0,0.0,0.0,0.0,0.0,0.0,0.0,0.0,0.0,0.0,0.0,0.0,0.0,0.0,0.0,0.0,0.0,0.0,0.0,3.0,1.0,3.0,2.0,0.0,3.0,0.0,1.0,0.0,0.0,0.0,0.0,0.0,0.0,1.0,0.0,0.0,0.0,1.0,0.0,0.0,0.0,0.0,2.0,1.0,0.0,0.0,0.0,0.0,0.0,0.0,500.0,500.0,194.0,4.0,0.0,0.0,194.0,4.0,0.0,0.0,0.0
18,18,18,Thornton,567031.96,644318.97,416745.05,39.8695516,-104.985181,3.0,1.0,0.0,0.0,0.0,1.0,0.0,1.0,4.0,4.0,0.0,291.0,15.0,0.0,0.0,1.0,26.0,3.0,0.0,0.0,0.0,0.0,1.0,0.0,0.0,32.0,4.0,0.0,0.0,0.0,1.0,0.0,0.0,1.0,0.0,2.0,0.0,2.0,1.0,0.0,0.0,4.0,1.0,3.0,0.0,0.0,0.0,0.0,0.0,0.0,0.0,0.0,0.0,2.0,3.0,2.0,1.0,0.0,0.0,0.0,0.0,0.0,0.0,0.0,0.0,0.0,0.0,3.0,0.0,0.0,0.0,0.0,1.0,0.0,2.0,17.0,4.0,0.0,0.0,0.0,0.0,0.0,0.0,0.0,5.0,17.0,1.0,0.0,0.0,0.0,0.0,0.0,0.0,0.0,0.0,0.0,0.0,0.0,0.0,0.0,1.0,0.0,3.0,0.0,11.0,1.0,44.0,7.0,9.0,1.0,0.0,0.0,0.0,0.0,0.0,1.0,0.0,0.0,0.0,0.0,0.0,0.0,0.0,153.0,64.0,6.0,1.0,0.0,1.0,3.0,1.0,0.0,6.0,1.0,14.0,0.0,1.0,1.0,1.0,0.0,0.0,0.0,0.0,1.0,0.0,2.0,0.0,1.0,4.0,0.0,1.0,0.0,1.0,0.0,0.0,0.0,0.0,0.0,0.0,0.0,1.0,0.0,0.0,0.0,0.0,0.0,0.0,0.0,0.0,0.0,0.0,0.0,0.0,0.0,0.0,0.0,0.0,0.0,0.0,0.0,0.0,0.0,0.0,0.0,0.0,0.0,0.0,0.0,0.0,0.0,0.0,0.0,0.0,0.0,0.0,0.0,0.0,0.0,0.0,0.0,0.0,0.0,0.0,0.0,0.0,0.0,0.0,0.0,0.0,71.0,4.0,24.0,15.0,0.0,0.0,0.0,0.0,1.0,0.0,0.0,0.0,0.0,0.0,0.0,12.0,0.0,0.0,10.0,0.0,0.0,0.0,0.0,0.0,0.0,10.0,0.0,0.0,1.0,4.0,1.0,0.0,0.0,73.0,67.0,1.0,0.0,0.0,3.0,1.0,1.0,4.0,1.0,11.0,2.0,2.0,0.0,0.0,0.0,0.0,0.0,0.0,0.0,1.0,1.0,1.0,3.0,0.0,1.0,1.0,1.0,0.0,0.0,30.0,11.0,0.0,0.0,0.0,0.0,0.0,0.0,0.0,0.0,0.0,0.0,0.0,0.0,0.0,0.0,0.0,1.0,0.0,0.0,0.0,8.0,1.0,4.0,4.0,0.0,0.0,220.0,47.0,0.0,47.0,0.0,70.0,0.0,0.0,0.0,103.0,13.0,2.0,109.0,6.0,0.0,9.0,9.0,2.0,0.0,0.0,0.0,140.0,3.0,76.0,0.0,0.0,0.0,0.0,0.0,0.0,0.0,0.0,0.0,0.0,0.0,59.0,0.0,2.0,0.0,23.0,2.0,0.0,0.0,0.0,0.0,0.0,0.0,0.0,1.0,0.0,0.0,0.0,0.0,0.0,0.0,0.0,0.0,0.0,0.0,5.0,0.0,3.0,0.0,0.0,0.0,0.0,0.0,0.0,0.0,1.0,0.0,1.0,0.0,0.0,0.0,1.0,1.0,0.0,0.0,0.0,0.0,0.0,0.0,1.0,0.0,0.0,0.0,0.0,0.0,0.0,0.0,499.0,499.0,92.0,3.0,0.0,0.0,92.0,3.0,0.0,0.0,1.0
